Id,CompanyName,CompanyTypeId,PrivateEquityCompanySectors,PrivateEquityPortfolioCompanies,VerticalId,SubVerticalId,NumberOfEmployees,LTMRevenue,LTM EBITA,CurrencyId,EnterpriseValue,YearFounded,ParentCompany,AssetsUnderManagement,AddressLine1,AddressLine2,City,PostCode,Country,ContactId,Website,AdditionalDescription,CreatedAt,CreatedBy,UpdatedAt,UpdatedBy
COM_001,,2,,,1,21,,,,USD,,,,,,,,,,,,,,,,
COM_002,100% employee owned (ESOP),3,,,,,,,,,,,,,,,,,,,,,,,,
COM_003,3i,3,,,,,,,,,,,,,,,,,,,,,,,,
COM_004,5-Hour Energy,1,,,2,26,,,265.0,,,,,,,,,,,,,,,,,
COM_005,A Place for Mom,1,,,1,21,,,,,269,,,,,,,,,,,,,,,
COM_006,ABC Billing,1,,,1,3,,,,,,,,,,,,,,,,,,,,
COM_007,ACG & PRP,1,,,2,27,,,30.0,,,,,,,,,,,,,,,,,
COM_008,AE Industrial,3,,,,,,,,,,,,,,,,,,,,,,,,
COM_009,AEA,2,,,,,,,,,,,,,,,,,,,,,,,,
COM_010,AEA Investors,3,,,,,,,,,,,,,,,,,,,,,,,,
COM_011,AEA Investors LP,3,"- Consumer products
- Industrial","- Traeger (Current)
- Barnet (Cosmetic)",,,,,,USD,,,,10.0,,,,,,,www.aeainvestors.com,,,,,
COM_012,AR Capital,3,,,,,,,,,,,,,,,,,,,,,,,,
COM_013,ASC,1,,,2,23,,,,,,,,,,,,,,,,,,,,
COM_014,ATC Associates,1,,,1,4,,,,,,,,,,,,,,,,,,,,
COM_015,AccentCare,1,,,3,28,,,68.0,,625.0,,,,,,,,,,,,,,,
COM_016,Acima Credit,1,,,2,23,,,57.0,,,,,,,,,,,,,,,,,
COM_017,Aclara Technologies,1,,,1,4,,,,,1040,,,,,,,,,,,,,,,
COM_018,AdMedia,2,,,Marketing Services Marketing Services,Marketing Services Marketing Services,,,,,,,,,,,,,,,,,,,,
COM_019,Advanced Discovery,1,,,1,9,,,,,300,,,,,,,,,,,,,,,
COM_020,Advantage Capital,3,,,,,,,,,,,,,,,,,,,,,,,,
COM_021,Advent Software,3,,,,,,,,,,,,,,,,,,,,,,,,
COM_022,Advicent,1,,,1,14,,,,,,,,,,,,,,,,,,,,
COM_023,Advisory Board Company,1,,,3,32,,,185.0,,,,,,,,,,,,,,,,,
COM_024,"Akamai, etc.",3,,,,,,,,,,,,,,,,,,,,,,,,
COM_025,Alecto Healthcare Services,1,,,3,34,,,25.0,,,,,,,,,,,,,,,,,
COM_026,Allen & Co,2,,,,,,,,,,,,,,,,,,,,,,,,
COM_027,Allergy Partners,1,,,3,28,,,22.0,,250.0,,,,,,,,,,,,,,,
COM_028,Altran,3,,,,,,,,,,,,,,,,,,,,,,,,
COM_029,AmTrust,1,,,1,15,,,,,,,,,,,,,,,,,,,,
COM_030,American Advisors Group,1,,,1,19,,,,,720,,,,,,,,,,,,,,,
COM_031,American Capital Equity,3,,,,,,,,,,,,,,,,,,,,,,,,
COM_032,American Freight,1,,,2,25,,,46.0,,350.0,,,,,,,,,,,,,,,
COM_033,American Infrastructure Funds,3,,,,,,,,,,,,,,,,,,,,,,,,
COM_034,American Medical Response,1,,,3,32,,,262.0,,,,,,,,,,,,,,,,,
COM_035,Amherst Pierpont,1,,,1,13,,,,,450,,,,,,,,,,,,,,,
COM_036,Andrews Advisory Group,2,,,,,,,,,,,,,,,,,,,,,,,,
COM_037,Apax,3,,,,,,,,,,,,,,,,,,,,,,,,
COM_038,Aqua Finance,1,,,1,19,,,,,,,,,,,,,,,,,,,,
COM_039,Aquiline Capital,3,,,,,,,,,,,,,,,,,,,,,,,,
COM_040,Ares,3,,,,,,,,,,,,,,,,,,,,,,,,
COM_041,Argon,1,,,3,31,,,74.0,,750.0,,,,,,,,,,,,,,,
COM_042,Aricent,1,,,1,38,,,,,1450,,,,,,,,,,,,,,,
COM_043,Array,1,,,2,23,,291.0,82.0,,700.0,,,,,,,,,,,,,,,
COM_044,Aryzta Facilities,1,,,2,24,,,-23.0,,90.0,,,,,,,,,,,,,,,
COM_045,"Ascension, Echo",3,,,,,,,,,,,,,,,,,,,,,,,,
COM_046,Atlanta Cheesecake,1,,,2,26,,,6.756756756756756,,50.0,,,,,,,,,,,,,,,
COM_047,Audax,3,,,,,,,,,,,,,,,,,,,,,,,,
COM_048,Audax Private Equity,3,- Industrial,- Chem Specialty Chemicals,,,,,,USD,,,,11.5,,,,,,,www.audaxprivateequity.com,- We have experience with specialty chemicals with with they have about 5 portfolio companies,,,,
COM_049,Augury,3,,,,,,,,,,,,,,,,,,,,,,,,
COM_050,Aurora,3,,,,,,,,,,,,,,,,,,,,,,,,
COM_051,BAML,2,,,,,,,,,,,,,,,,,,,,,,,,
COM_052,BBB Industries,1,,,1,7,,,,,1000,,,,,,,,,,,,,,,
COM_053,BHI,1,,,1,4,,,,,36.4,,,,,,,,,,,,,,,
COM_054,BJ's Wholesale Club,1,,,2,25,,,515.0,,4000.0,,,,,,,,,,,,,,,
COM_055,BKD Corporate Finance,2,,,,,,,,,,,,,,,,,,,,,,,,
COM_056,BMO,2,,,Business Services Business Services Business Services Business Services Business Services Business Services Business Services Business Services Business Services Business Services Business Services Business Services Business Services Business Services Business Services Financial Services Financial Services Financial Services Financial Services Financial Services Financial Services Financial Services Financial Services Sponsor Coverage Sponsor Coverage,Education Services Data & Information Services Transportation & Logistics Industrial & Environmental Services Specialty Distribution Industrial & Environmental Services Industrial & Environmental Services Industrial & Environmental Services Business Services Business Services Product Group Technology Services Product Group Technology Services Technology Services Financial Technology Financial Institutions Asset Management Asset Management Insurance Financial Institutions Banks / Lending Financial Institutions Sponsor Coverage Sponsor Coverage,,,,,,,,,,,,,,,,,,,,
COM_057,BMO,2,,,,,,,,,,,,,,,,,,,,,,,,
COM_058,BR Partners,2,,,,,,,,,,,,,,,,,,,,,,,,
COM_059,Back to Nature,1,,,2,26,,,10.4,,,,,,,,,,,,,,,,,
COM_060,Baird,2,,,,,,,,,,,,,,,,,,,,,,,,
COM_061,Baird,2,,,,,,,,,,,,,,,,,,,,,,,,
COM_062,Baird / Stifel,2,,,,,,,,,,,,,,,,,,,,,,,,
COM_063,"Baird, Jefferies",2,,,,,,,,,,,,,,,,,,,,,,,,
COM_064,BakeMark,1,,,2,26,,,58.0,,,,,,,,,,,,,,,,,
COM_065,Bank of America,2,,,1,5,,,,,,,,,,,,,,,,,,,,
COM_066,Barclays,2,,,Financial Institutions Financial Institutions Financial Institutions Financial Institutions Financial Institutions Financial Institutions Financial Institutions Financial Institutions Financial Institutions Industrials Industrials Technology Technology Technology Technology Technology,Financial Institutions Product Group Asset Management Asset Management Insurance Insurance Banks / Lending Banks / Lending Financial Technology Industrial & Environmental Services Industrial & Environmental Services Data & Information Services Business Services Education Services Data & Information Services Business Services,,,,,,,,,,,,,,,,,,,,
COM_067,Barclays,2,,,,,,,,,,,,,,,,,,,,,,,,
COM_068,Barclays Goldman Sachs,2,,,,,,,,,,,,,,,,,,,,,,,,
COM_069,"Barclays, BMO",2,,,,,,,,,,,,,,,,,,,,,,,,
COM_070,Baring Private Equity Asia,3,,,,,,,,,,,,,,,,,,,,,,,,
COM_071,Bay State,1,,,3,29,,,7.5,,60.0,,,,,,,,,,,,,,,
COM_072,Belly,1,,,2,27,,,77.0,,,,,,,,,,,,,,,,,
COM_073,BenefitMall,1,,,1,14,,,,,,,,,,,,,,,,,,,,
COM_074,Benevis,1,,,3,29,,,43.0,,,,,,,,,,,,,,,,,
COM_075,Benson's,1,,,2,26,,,13.0,,80.0,,,,,,,,,,,,,,,
COM_076,Berkshire Partners,3,,,,,,,,,,,,,,,,,,,,,,,,
COM_077,Berner Food & Beverage,1,,,2,26,,,58.0,,650.0,,,,,,,,,,,,,,,
COM_078,Bernhard Capital,3,,,,,,,,,,,,,,,,,,,,,,,,
COM_079,Bessemer Venture,3,,,,,,,,,,,,,,,,,,,,,,,,
COM_080,Bitnami,1,,,2,26,,,22.5,,135.0,,,,,,,,,,,,,,,
COM_081,BlackArch,2,,,,,,,,,,,,,,,,,,,,,,,,
COM_082,BlackArch,2,,,,,,,,,,,,,,,,,,,,,,,,
COM_083,Blaze Pizza,1,,,2,27,,,3.0,,200.0,,,,,,,,,,,,,,,
COM_084,Bluepay,1,,,1,3,,,,,,,,,,,,,,,,,,,,
COM_085,Boston Market,1,,,2,27,,,41.6,,,,,,,,,,,,,,,,,
COM_086,Brentwood Associates,3,,,,,,,,,,,,,,,,,,,,,,,,
COM_087,Brightstar (U.S.),1,,,1,5,,,,,,,,,,,,,,,,,,,,
COM_088,Brownie Brittle,1,,,2,26,,,-1.7,,,,,,,,,,,,,,,,,
COM_089,BuildZoom,1,,,3,29,,,49.0,,600.0,,,,,,,,,,,,,,,
COM_090,CCMP,3,,,,,,,,,,,,,,,,,,,,,,,,
COM_091,CCMP Capital,3,"- Consumer products
- Industrial","- Jetro Cash & Carry
- Shoes for Crews",,,,,,USD,,,,12.0,,,,,,,www.ccmpcapital.com,- Are big on Consumer and industrial,,,,
COM_092,CD&R,3,,,,,,,,,,,,,,,,,,,,,,,,
COM_093,CFGI,1,,,1,38,,,,,320,,,,,,,,,,,,,,,
COM_094,CHA Consulting,1,,,1,38,,,,,260,,,,,,,,,,,,,,,
COM_095,CIBTvisas,1,,,1,12,,,,,650,,,,,,,,,,,,,,,
COM_096,CIVC,3,,,,,,,,,,,,,,,,,,,,,,,,
COM_097,CLEAResult,1,,,1,8,,,,,,,,,,,,,,,,,,,,
COM_098,CPMG,3,,,,,,,,,,,,,,,,,,,,,,,,
COM_099,CVC,3,,,,,,,,,,,,,,,,,,,,,,,,
COM_100,Café Rio,1,,,2,27,,,22.0,,,,,,,,,,,,,,,,,
COM_101,Café Valley,1,,,2,26,,,18.0,,135.0,,,,,,,,,,,,,,,
COM_102,Caltius,3,,,,,,,,,,,,,,,,,,,,,,,,
COM_103,Canaccord,2,,,,,,,,,,,,,,,,,,,,,,,,
COM_104,Cantor Fitzgerald,2,,,,,,,,,,,,,,,,,,,,,,,,
COM_105,Capco,1,,,1,16,,,,,599,,,,,,,,,,,,,,,
COM_106,Capgemini,3,,,,,,,,,,,,,,,,,,,,,,,,
COM_107,Capital Brands,1,,,2,24,,,56.2,,,,,,,,,,,,,,,,,
COM_108,Capsa,1,,,3,31,,,34.0,,,,,,,,,,,,,,,,,
COM_109,Captain D's,1,,,2,27,,,36.8,,,,,,,,,,,,,,,,,
COM_110,CareCentrix,1,,,3,33,,1490.0,95.0,,1200.0,,,,,,,,,,,,,,,
COM_111,Carlyle,3,,,,,,,,,,,,,,,,,,,,,,,,
COM_112,Carolina Beverage Group,1,,,2,26,,,31.9,,,,,,,,,,,,,,,,,
COM_113,Carrabba's,1,,,2,27,,,85.0,,,,,,,,,,,,,,,,,
COM_114,Carve out of Navigant,1,,,1,38,,,,,600,,,,,,,,,,,,,,,
COM_115,Cascadia Capital,2,,,,,,,,,,,,,,,,,,,,,,,,
COM_116,Cascadia Capital,2,,,,,,,,,,,,,,,,,,,,,,,,
COM_117,Censeo,1,,,3,33,,,35.0,,,,,,,,,,,,,,,,,
COM_118,Centerview,2,,,,,,,,,,,,,,,,,,,,,,,,
COM_119,Centerview,2,,,,,,,,,,,,,,,,,,,,,,,,
COM_120,Centre Partners,3,,,,,,,,,,,,,,,,,,,,,,,,
COM_121,Charlesbank,3,,,,,,,,,,,,,,,,,,,,,,,,
COM_122,Chuy's,1,,,2,27,,,43.0,,,,,,,,,,,,,,,,,
COM_123,Citi,2,,,Business Services Business Services Business Services Business Services Business Services Business Services Business Services Business Services Financial Services Financial Services Financial Services Financial Services Financial Services Financial Services Financial Services Financial Services Financial Services Financial Services Financial Services Financial Services Financial Services Financial Services Financial Services Financial Services,Transportation & Logistics Industrial & Environmental Services Facilities Services Facilities Services Facilities Services Data & Information Services IT Services Industrial & Environmental Services Asset Management Asset Management Asset Management Asset Management Banks / Lending Banks / Lending Banks / Lending Banks / Lending Banks / Lending Insurance Insurance Insurance Insurance Financial Technology Financial Technology Asset Management,,,,,,,,,,,,,,,,,,,,
COM_124,Clayton Dubilier & Rice,3,"- Consumer products
- Industrial","- Roofing Supply Group
- US Foods
- HD Supply",,,,,,USD,,,,18.0,,,,,,,www.cdr-inc.com,,,,,
COM_125,Clear Choice,1,,,3,29,,,43.7,,,,,,,,,,,,,,,,,
COM_126,Clearent,1,,,1,3,,,,,,,,,,,,,,,,,,,,
COM_127,Clinical Innovations,1,,,3,31,,,20.8,,,,,,,,,,,,,,,,,
COM_128,Cloverleaf Cold Storage,1,,,2,26,,,156.5,,,,,,,,,,,,,,,,,
COM_129,CompoSecure,1,,,1,3,,,,,1130,,,,,,,,,,,,,,,
COM_130,Comvest,3,,,,,,,,,,,,,,,,,,,,,,,,
COM_131,Consilio,1,,,1,9,,,,,,,,,,,,,,,,,,,,
COM_132,"Continental, etc.",3,,,,,,,,,,,,,,,,,,,,,,,,
COM_133,Continuum,1,,,1,13,,,,,,,,,,,,,,,,,,,,
COM_134,Convergint Technologies,1,,,1,5,,,,,1090,,,,,,,,,,,,,,,
COM_135,Conversocial,1,,,2,26,,,34.0,,125.0,,,,,,,,,,,,,,,
COM_136,Correct Care Solutions,1,,,3,28,,,68.0,,,,,,,,,,,,,,,,,
COM_137,Country Fresh,1,,,2,26,,,318.0,,,,,,,,,,,,,,,,,
COM_138,Coventry Workers' Comp,1,,,3,33,,,120.0,,,,,,,,,,,,,,,,,
COM_139,Cowen,2,,,7,4,,,,,,,,,,,,,,,,,,,,
COM_140,Cowen,2,,,,,,,,,,,,,,,,,,,,,,,,
COM_141,Credit Suisse,2,,,Business Services Business Services Business Services Business Services Business Services Business Services Business Services Business Services Business Services Business Services Financial Services Financial Services Financial Services Financial Services Financial Services Financial Services Financial Services Financial Services Financial Services Financial Services Financial Services Financial Services Financial Services Technology  Technology,Business Services Industrial & Environmental Services Business Services Industrial & Environmental Services Industrial & Environmental Services Data & Information Services Data & Information Services Industrial & Environmental Services Industrial & Environmental Services Technology Services Insurance Banks / Lending Banks / Lending Banks / Lending Financial Technology Insurance Insurance Insurance Banks / Lending Banks / Lending Banks / Lending Payments Asset Management Technology Services Technology Services,,,,,,,,,,,,,,,,,,,,
COM_142,"Credit Suisse, DB",2,,,,,,,,,,,,,,,,,,,,,,,,
COM_143,Crestview Partners,3,- Industrial Products,"- Key Safety Systems
- Accuride corporation",,,,,,USD,,,,20.0,,,,,,,www.crestview.com,- Have industrial products focus,,,,
COM_144,Cross Country Infrastructure,1,,,1,4,,,,,450,,,,,,,,,,,,,,,
COM_145,Crossmark,1,,,1,21,,,,,,,,,,,,,,,,,,,,
COM_146,Cypress Group,2,,,,,,,,,,,,,,,,,,,,,,,,
COM_147,DFW Capital Partners,3,,,,,,,,,,,,,,,,,,,,,,,,
COM_148,DH Corporation,1,,,1,14,,,,,"CAD $3,474",,,,,,,,,,,,,,,
COM_149,DRB Systems,1,,,1,5,,,,,240,,,,,,,,,,,,,,,
COM_150,DaVita Dialysis / American Renal Associates,1,,,3,28,,,50.0,,,,,,,,,,,,,,,,,
COM_151,Dade Paper,1,,,2,27,,,28.4,,,,,,,,,,,,,,,,,
COM_152,Deckers Brands,1,,,2,24,,,219.0,,,,,,,,,,,,,,,,,
COM_153,Del Frisco's,1,,,2,27,,,55.0,,,,,,,,,,,,,,,,,
COM_154,Deloitte,2,,,,,,,,,,,,,,,,,,,,,,,,
COM_155,Deloitte,2,,,,,,,,,,,,,,,,,,,,,,,,
COM_156,Dent Wizard,1,,,1,4,,,,,820,,,,,,,,,,,,,,,
COM_157,Dentalcorp,1,,,3,29,,562.0,120.0,,1500.0,,,,,,,,,,,,,,,
COM_158,Deutsche Bank,2,,,Business Services Business Services Business Services Business Services Business Services Business Services Financial Services Financial Services Financial Services Financial Services Financial Services Financial Services Financial Services Financial Services Financial Services Financial Services Financial Services Financial Services Financial Services,Technology Services Business Services Business Services Business Services Business Services Business Services Financial Services Financial Services Financial Services Financial Services Financial Services Insurance Insurance Insurance Financial Technology Financial Technology Asset Management Asset Management Banks / Lending,,,,,,,,,,,,,,,,,,,,
COM_159,Direct to Company,2,,,,,,,,,,,,,,,,,,,,,,,,
COM_160,Direct to FIS,2,,,,,,,,,,,,,,,,,,,,,,,,
COM_161,Direxion Investments,1,,,1,18,,,,,,,,,,,,,,,,,,,,
COM_162,Discover.org,1,,,1,21,,,,,1100,,,,,,,,,,,,,,,
COM_163,Discovery,3,,,,,,,,,,,,,,,,,,,,,,,,
COM_164,Discovery Education,1,,,1,10,,,,,,,,,,,,,,,,,,,,
COM_165,DiversiTech,1,,,1,7,,,,,760,,,,,,,,,,,,,,,
COM_166,Divisions Maintenance Group,1,,,1,8,,,,,,,,,,,,,,,,,,,,
COM_167,Dole Food Company,1,,,2,26,,,240.0,,2000.0,,,,,,,,,,,,,,,
COM_168,Dometic Group,3,,,,,,,,,,,,,,,,,,,,,,,,
COM_169,Dorel Home,1,,,2,24,,,83.3,,600.0,,,,,,,,,,,,,,,
COM_170,Dorel Industries,3,,,,,,,,,,,,,,,,,,,,,,,,
COM_171,DuPage Medical Group,1,,,3,28,,,92.0,,,,,,,,,,,,,,,,,
COM_172,Duff & Phelps,2,,,,,,,,,,,,,,,,,,,,,,,,
COM_173,Duff & Phelps,2,,,,,,,,,,,,,,,,,,,,,,,,
COM_174,Dwyer Group,1,,,1,8,,,,,600,,,,,,,,,,,,,,,
COM_175,Dynasty Financial Partners,1,,,1,13,,,,,,,,,,,,,,,,,,,,
COM_176,E*TRADE,3,,,,,,,,,,,,,,,,,,,,,,,,
COM_177,EAG,1,,,1,37,,,,,650,,,,,,,,,,,,,,,
COM_178,ERC,1,,,3,29,,,46.0,,,,,,,,,,,,,,,,,
COM_179,ESOP,3,,,,,,,,,,,,,,,,,,,,,,,,
COM_180,Echo Logistics,1,,,1,12,,,,,,,,,,,,,,,,,,,,
COM_181,Ecinity,1,,,2,25,,16.2,3.2,,90.0,,,,,,,,,,,,,,,
COM_182,Edgestone,3,,,,,,,,,,,,,,,,,,,,,,,,
COM_183,El Rancho,1,,,2,25,,,28.2,,,,,,,,,,,,,,,,,
COM_184,Electrical Components International,1,,,2,24,,,130.0,,,,,,,,,,,,,,,,,
COM_185,Electrical Components International,1,,,1,4,,,,,1250,,,,,,,,,,,,,,,
COM_186,Elior Group,3,,,,,,,,,,,,,,,,,,,,,,,,
COM_187,Elior NA,1,,,1,39,,,,,950,,,,,,,,,,,,,,,
COM_188,Elite Dental,1,,,3,29,,72.0,12.0,,,,,,,,,,,,,,,,,
COM_189,Energy Capital Partners,3,,,,,,,,,,,,,,,,,,,,,,,,
COM_190,Energy Solutions,1,,,1,4,,,,,1010,,,,,,,,,,,,,,,
COM_191,EnviroVac,1,,,1,4,,,,,165,,,,,,,,,,,,,,,
COM_192,Estancia,3,,,,,,,,,,,,,,,,,,,,,,,,
COM_193,Eurofins,3,,,,,,,,,,,,,,,,,,,,,,,,
COM_194,European Wax Center,1,,,2,25,,,29.5,,,,,,,,,,,,,,,,,
COM_195,Evercore,2,,,,,,,,,,,,,,,,,,,,,,,,
COM_196,Evestment,1,,,1,6,,,,,,,,,,,,,,,,,,,,
COM_197,Evolution Research Group,1,,,3,30,,,17.0,,,,,,,,,,,,,,,,,
COM_198,Express Oil Change & Tire,1,,,2,25,,,41.0,,,,,,,,,,,,,,,,,
COM_199,Exxon Assets,1,,,2,25,,,200.0,,,,,,,,,,,,,,,,,
COM_200,FFL,3,,,,,,,,,,,,,,,,,,,,,,,,
COM_201,FFL Partners,3,,,,,,,,,,,,,,,,,,,,,,,,
COM_202,FIS,3,,,,,,,,,,,,,,,,,,,,,,,,
COM_203,FMG,1,,,1,21,,,,,750,,,,,,,,,,,,,,,
COM_204,FT Partners,2,,,Financial Services Financial Services Financial Services Financial Services Financial Services Financial Services,Financial Technology Product Group Financial Technology Financial Technology Financial Technology Financial Technology,,,,,,,,,,,,,,,,,,,,
COM_205,Fast Track It,1,,,2,25,,,,,,,,,,,,,,,,,,,,
COM_206,Ferraro Foods,1,,,2,23,,,32.0,,,,,,,,,,,,,,,,,
COM_207,Fieldbrook Foods,1,,,2,26,,,27.1,,,,,,,,,,,,,,,,,
COM_208,Fiesta Restaurant Group,1,,,2,27,,,103.2,,850.0,,,,,,,,,,,,,,,
COM_209,Finastra,3,,,,,,,,,,,,,,,,,,,,,,,,
COM_210,Finnea Group,2,,,,,,,,,,,,,,,,,,,,,,,,
COM_211,Fintrax,3,,,,,,,,,,,,,,,,,,,,,,,,
COM_212,Firebirds,1,,,2,27,,,19.3,,,,,,,,,,,,,,,,,
COM_213,First Data,3,,,,,,,,,,,,,,,,,,,,,,,,
COM_214,First Watch,1,,,2,27,,,35.5,,,,,,,,,,,,,,,,,
COM_215,Flexpoint,3,,,,,,,,,,,,,,,,,,,,,,,,
COM_216,FlightCar,1,,,2,25,,,,,10.5,,,,,,,,,,,,,,,
COM_217,Focal Point,2,,,,,,,,,,,,,,,,,,,,,,,,
COM_218,FolioFN,1,,,1,13,,,,,,,,,,,,,,,,,,,,
COM_219,Fontanini,1,,,2,26,,,20.0,,,,,,,,,,,,,,,,,
COM_220,"Foundation Consumer Healthcare, Cooper Surgical, CVC",3,,,,,,,,,,,,,,,,,,,,,,,,
COM_221,Founder,3,,,,,,,,,,,,,,,,,,,,,,,,
COM_222,Founders,3,,,,,,,,,,,,,,,,,,,,,,,,
COM_223,GA / Stonepoint,3,,,,,,,,,,,,,,,,,,,,,,,,
COM_224,GS,2,,,,,,,,,,,,,,,,,,,,,,,,
COM_225,GS Merchant Banking,3,,,,,,,,,,,,,,,,,,,,,,,,
COM_226,"GS, Insight Venture, Pritzker, Huizenga",3,,,,,,,,,,,,,,,,,,,,,,,,
COM_227,GTCR,3,,,,,,,,,,,,,,,,,,,,,,,,
COM_228,Galls,1,,,1,7,,,,,402.5,,,,,,,,,,,,,,,
COM_229,General Atlantic,3,,,,,,,,,,,,,,,,,,,,,,,,
COM_230,General Pet,1,,,2,23,,,2.3,,18.5,,,,,,,,,,,,,,,
COM_231,Genpact IT Transformation assets,1,,,1,5,,,,,200,,,,,,,,,,,,,,,
COM_232,Genstar Capital,3,- Industrial Products,"- Pretium Packaging
- Fort Dearborn Company",,,,,,USD,,,,8.5,,,,,,,www.gencap.com,,,,,
COM_233,GoWireless,1,,,2,25,,,100.0,,,,,,,,,,,,,,,,,
COM_234,Golden Gate Capital,3,"- Consumer products
- Industrial","- Eddie Bauer
- Pacsun",,,,,,USD,,,,14.0,,,,,,,www.goldengatecap.com,"Mr. Thomas focuses on investments in Industrials, and basic materials sector in particular main office number",,,,
COM_235,Goldman Sachs,2,,,Business Services Business Services Business Services Business Services Financial Services Financial Services Financial Services Financial Services Financial Services Financial Services Financial Services Financial Services Financial Services Financial Services Financial Services Financial Services Financial Services Financial Services Financial Services Financial Services Financial Services Financial Services,Business Services Business Services Business Services Industrial & Environmental Services Financial Institutions Financial Institutions Financial Institutions Financial Institutions Banks / Lending Banks / Lending Banks / Lending Banks / Lending Banks / Lending Financial Technology Financial Technology Financial Technology Asset Management Insurance Insurance Insurance Insurance Insurance,,,,,,,,,,,,,,,,,,,,
COM_236,Goldman Sachs,2,,,,,,,,,,,,,,,,,,,,,,,,
COM_237,"Goldman Sachs, Harris Williams",2,,,,,,,,,,,,,,,,,,,,,,,,
COM_238,Gopher Resource,1,,,1,4,,,,,930,,,,,,,,,,,,,,,
COM_239,Gordmans Stores,1,,,2,25,,,21.9,,,,,,,,,,,,,,,,,
COM_240,Gores Group,3,"- Consumer products
- Industrial",- Sage Automotive (previously),,,,,,USD,,,,2.4,,,,,,,www.gores.com,- One of their strategies on some of their case studies is addons (e.g Sage Automotive)… they might want add-ons but don’t know how to go about doing them,,,,
COM_241,Greenbriar,3,,,,,,,,,,,,,,,,,,,,,,,,
COM_242,Greif & Co,2,,,,,,,,,,,,,,,,,,,,,,,,
COM_243,Gridiron,3,,,,,,,,,,,,,,,,,,,,,,,,
COM_244,Gryphon,3,,,,,,,,,,,,,,,,,,,,,,,,
COM_245,Gryphon (Cakerie),3,,,,,,,,,,,,,,,,,,,,,,,,
COM_246,Guaranteed Rate,1,,,1,19,,,,,650,,,,,,,,,,,,,,,
COM_247,Guggenheim,2,,,,,,,,,,,,,,,,,,,,,,,,
COM_248,Guitar Center,1,,,2,25,,,160.0,,,,,,,,,,,,,,,,,
COM_249,HIG,3,,,,,,,,,,,,,,,,,,,,,,,,
COM_250,Halifax,3,,,,,,,,,,,,,,,,,,,,,,,,
COM_251,Halo,1,,,1,7,,,,,500,,,,,,,,,,,,,,,
COM_252,Hankyul Invest,3,,,,,,,,,,,,,,,,,,,,,,,,
COM_253,Harris Williams,2,,,Business Services Business Services Business Services Business Services Business Services Business Services Technology,Business Services Business Services Business Services Business Services Business Services Business Services Technology Services,,,,,,,,,,,,,,,,,,,,
COM_254,Harris Williams,2,,,,,,,,,,,,,,,,,,,,,,,,
COM_255,Harris Williams / Baird,2,,,,,,,,,,,,,,,,,,,,,,,,
COM_256,Harris Williams / William Blair,2,,,,,,,,,,,,,,,,,,,,,,,,
COM_257,"Harris Williams, JP Morgan",2,,,,,,,,,,,,,,,,,,,,,,,,
COM_258,"Harris Williams, William Blair",2,,,,,,,,,,,,,,,,,,,,,,,,
COM_259,Harvest Partners,3,- Industrial Products,"- Associated Materials (Prior)
- Driven Brands (Consumer)",,,,,,USD,,,,2.0,,,,,,,www.harvestpartners.com,- Did addons for Associated Materials while they owned it,,,,
COM_260,Headwaters,2,,,,,,,,,,,,,,,,,,,,,,,,
COM_261,Healthtronics,1,,,3,28,,,36.0,,,,,,,,,,,,,,,,,
COM_262,Hearthside,1,,,2,26,,,216.0,,,,,,,,,,,,,,,,,
COM_263,Heartland Automotive Services,1,,,2,24,,,32.9,,,,,,,,,,,,,,,,,
COM_264,HemaSource,1,,,3,35,,,20.0,,,,,,,,,,,,,,,,,
COM_265,HighTower,1,,,1,13,,,,,360,,,,,,,,,,,,,,,
COM_266,"Highlander, etc.",3,,,,,,,,,,,,,,,,,,,,,,,,
COM_267,Holley Performance Products,1,,,2,24,,,72.0,,,,,,,,,,,,,,,,,
COM_268,Horizon Primary Care,1,,,3,30,,,145.0,,,,,,,,,,,,,,,,,
COM_269,Houlihan Lokey,2,,,Business Services Business Services,Business Services Business Services,,,,,,,,,,,,,,,,,,,,
COM_270,Houlihan Lokey,2,,,,,,,,,,,,,,,,,,,,,,,,
COM_271,Houlihan Lokey UBS,2,,,,,,,,,,,,,,,,,,,,,,,,
COM_272,Houzz,1,,,3,31,,,124.2,,1250.0,,,,,,,,,,,,,,,
COM_273,Hubbell Incorporated,3,,,,,,,,,,,,,,,,,,,,,,,,
COM_274,Huddle House,1,,,2,27,,,17.0,,,,,,,,,,,,,,,,,
COM_275,IFTTT,1,,,2,25,,,19.4,,160.0,,,,,,,,,,,,,,,
COM_276,Imperial Capital Group,3,,,,,,,,,,,,,,,,,,,,,,,,
COM_277,Indigo Wild,1,,,2,24,,,7.6,,,,,,,,,,,,,,,,,
COM_278,Insurance Zebra,1,,,3,32,,,53.3,,480.0,,,,,,,,,,,,,,,
COM_279,Interdent,1,,,3,29,,,36.0,,,,,,,,,,,,,,,,,
COM_280,International Cash Distributors,1,,,1,13,,,,,,,,,,,,,,,,,,,,
COM_281,International Catastrophe Insurance Managers,1,,,1,13,,,,,202,,,,,,,,,,,,,,,
COM_282,Invista,1,,,2,24,,,297.0,,,,,,,,,,,,,,,,,
COM_283,Irving Place Capital,3,"- Consumer products
- Industrial","- Bendon
- New York and Co
- Rag and Bone",,,,,,USD,,,,4.4,,,,,,,www.irvingplacecapital.com,"- Have both branded consumer companies and industrial companies
- DR used to have a contact there ""Doug Kohn""",,,,
COM_284,JF Lehman,3,,,,,,,,,,,,,,,,,,,,,,,,
COM_285,JP Morgan,2,,,Business Services Business Services Business Services Business Services Business Services Business Services Business Services Business Services Financial Services Financial Services Financial Services Financial Services Financial Services Financial Services Financial Services Financial Services Financial Services Financial Services,Business Services Business Services Business Services Business Services Technology Services Technology Services Technology Services Business Services Financial Services Banks / Lending Product Group Banks / Lending Insurance Insurance Insurance Financial Technology Banks / Lending Banks / Lending,,,,,,,,,,,,,,,,,,,,
COM_286,JP Morgan,2,,,,,,,,,,,,,,,,,,,,,,,,
COM_287,"JP Morgan, Deutsche Bank",2,,,,,,,,,,,,,,,,,,,,,,,,
COM_288,JPM,2,,,,,,,,,,,,,,,,,,,,,,,,
COM_289,Jefferies,2,,,,,,,,,,,,,,,,,,,,,,,,
COM_290,Jefferies,2,,,,,,,,,,,,,,,,,,,,,,,,
COM_291,Jefferies & Company,2,,,Business Services Business Services Business Services Business Services Business Services Business Services Business Services Business Services Business Services Business Services Business Services Business Services Business Services Financial Services Financial Services Financial Services Financial Services Financial Services Sponsor Coverage,Business Services Business Services Business Services Industrial & Environmental Services Specialty Distribution Facilities Services Business Services Business Services Industrial & Environmental Services Technology Services Technology Services Technology Services Industrial & Environmental Services Financial Technology Banks / Lending Insurance Financial Technology Insurance Sponsor Coverage,,,,,,,,,,,,,,,,,,,,
COM_292,"Jefferies, JP Morgan",2,,,,,,,,,,,,,,,,,,,,,,,,
COM_293,"Jefferies, North Point",2,,,,,,,,,,,,,,,,,,,,,,,,
COM_294,Jefferies; Baird,2,,,,,,,,,,,,,,,,,,,,,,,,
COM_295,Jordan Company,3,,,,,,,,,,,,,,,,,,,,,,,,
COM_296,Jordan Home Health,1,,,3,28,,,70.0,,,,,,,,,,,,,,,,,
COM_297,Just Desserts,1,,,2,26,,,3.6,,28.8,,,,,,,,,,,,,,,
COM_298,KBS,1,,,2,34,,,55.0,,,,,,,,,,,,,,,,,
COM_299,KKR,3,,,,,,,,,,,,,,,,,,,,,,,,
COM_300,KPS Capital Partners,3,,,,,,,,,,,,,,,,,,,,,,,,
COM_301,KPS Capital Partners LP,3,"- Consumer products
- Industrial","- Taylor Made
- Winoa",,,,,,USD,,,,5.2,,,,,,,www.kpsfund.com,,,,,
COM_302,Kastle Systems,1,,,1,8,,,,,,,,,,,,,,,,,,,,
COM_303,Kayne Anderson,3,,,,,,,,,,,,,,,,,,,,,,,,
COM_304,Kelso & Company,3,"- Consumer Products
- Building products","- Augusta Sportsware
- Eagle Foods",,,,,,USD,,,,11.2,,,,,,,www.kelso.com,"- DR says he knows Phil Berney or has heard of him
- Big on branded consumer products
- Looking for addons on some of their portfolio companies",,,,
COM_305,Key Banc,2,,,,,,,,,,,,,,,,,,,,,,,,
COM_306,KeyBanc,2,,,,,,,,,,,,,,,,,,,,,,,,
COM_307,Kichler,1,,,2,24,,,57.358,,,,,,,,,,,,,,,,,
COM_308,King's Pastry,1,,,2,26,,,6.3,,,,,,,,,,,,,,,,,
COM_309,"Kohlberg & Company, L.L.C.",3,,,,,,,,,,,,,,,,,,,,,,,,
COM_310,Kohlberg and Company,3,"- Industrial
- Consumer Products","- Nelson (Neutraceutical)
- NBG Home Décor Products
- Hoffmaster Group",,,,,,USD,,,,7.5,,,,,,,www.kohlberg.com,,,,,
COM_311,Kriser's Natural Pet,1,,,2,25,,,-1.0,,,,,,,,,,,,,,,,,
COM_312,Kroger Convenience Stores,1,,,2,25,,,193.0,,1900.0,,,,,,,,,,,,,,,
COM_313,LGP,3,,,,,,,,,,,,,,,,,,,,,,,,
COM_314,LLR Capital / Founders,3,,,,,,,,,,,,,,,,,,,,,,,,
COM_315,LRR Partners,3,,,,,,,,,,,,,,,,,,,,,,,,
COM_316,Laces,1,,,2,24,,,40.0,,,,,,,,,,,,,,,,,
COM_317,Laser Spine Institute,1,,,3,28,,,85.0,,,,,,,,,,,,,,,,,
COM_318,Lazard,2,,,,,,,,,,,,,,,,,,,,,,,,
COM_319,Lazard,2,,,,,,,,,,,,,,,,,,,,,,,,
COM_320,Le-Vel,1,,,2,26,,,79.0,,600.0,,,,,,,,,,,,,,,
COM_321,Lee Equity,3,,,,,,,,,,,,,,,,,,,,,,,,
COM_322,Leerink,2,,,,,,,,,,,,,,,,,,,,,,,,
COM_323,Leonard Green,3,,,,,,,,,,,,,,,,,,,,,,,,
COM_324,Levin Furniture,1,,,2,25,,,18.3,,,,,,,,,,,,,,,,,
COM_325,Lifetouch,1,,,2,23,,,140.0,,750.0,,,,,,,,,,,,,,,
COM_326,Lincoln International,2,,,,,,,,,,,,,,,,,,,,,,,,
COM_327,Lincolnshire,3,,,,,,,,,,,,,,,,,,,,,,,,
COM_328,Liquid Environmental Solutions,1,,,1,4,,,,,,,,,,,,,,,,,,,,
COM_329,LiquidHub,1,,,1,21,,,,,,,,,,,,,,,,,,,,
COM_330,Littlejohn,3,,,,,,,,,,,,,,,,,,,,,,,,
COM_331,Long Point,3,,,,,,,,,,,,,,,,,,,,,,,,
COM_332,Luma Partners,2,,,,,,,,,,,,,,,,,,,,,,,,
COM_333,Luna Grill,1,,,2,27,,,1.4,,,,,,,,,,,,,,,,,
COM_334,Lund,1,,,1,7,,,,,750,,,,,,,,,,,,,,,
COM_335,MB2 Dental Solutions,1,,,3,29,,,28.123,,,,,,,,,,,,,,,,,
COM_336,MDVIP,1,,,3,28,,,40.6,,,,,,,,,,,,,,,,,
COM_337,MEDHOST,1,,,3,32,,,46.1,,,,,,,,,,,,,,,,,
COM_338,"MS, Stephens",2,,,,,,,,,,,,,,,,,,,,,,,,
COM_339,Mallinckrodt Controlled Substances,1,,,3,30,,,288.0,,,,,,,,,,,,,,,,,
COM_340,Manna Pro,1,,,2,23,,,28.4,,265.0,,,,,,,,,,,,,,,
COM_341,Marsh & McLennan,3,,,,,,,,,,,,,,,,,,,,,,,,
COM_342,Masco Corp.,3,,,,,,,,,,,,,,,,,,,,,,,,
COM_343,MedRisk,1,,,3,33,,,73.0,,,,,,,,,,,,,,,,,
COM_344,MediaMath,1,,,1,21,,,,,110,,,,,,,,,,,,,,,
COM_345,Medicus,1,,,3,32,,,23.0,,,,,,,,,,,,,,,,,
COM_346,Mel-O-Cream,1,,,2,26,,,,,,,,,,,,,,,,,,,,
COM_347,Melissa & Doug,1,,,2,24,,,47.0,,,,,,,,,,,,,,,,,
COM_348,MeridianLink,1,,,1,14,,,,,480,,,,,,,,,,,,,,,
COM_349,Mgmt,3,,,,,,,,,,,,,,,,,,,,,,,,
COM_350,Midwest Dental,1,,,3,29,,,35.0,,,,,,,,,,,,,,,,,
COM_351,Milani,1,,,2,24,,126.2,39.0,,,,,,,,,,,,,,,,,
COM_352,Millennium Health,1,,,3,28,,,405.0,,2800.0,,,,,,,,,,,,,,,
COM_353,Moelis,2,,,,,,,,,,,,,,,,,,,,,,,,
COM_354,Moelis,2,,,,,,,,,,,,,,,,,,,,,,,,
COM_355,Moelis & Company,2,,,Business Services Business Services,Business Services Product Group,,,,,,,,,,,,,,,,,,,,
COM_356,"Moelis, Cain",2,,,,,,,,,,,,,,,,,,,,,,,,
COM_357,"Moelis, Jefferies",2,,,,,,,,,,,,,,,,,,,,,,,,
COM_358,Montrose Environmental,1,,,1,37,,,,,260,,,,,,,,,,,,,,,
COM_359,Moravia,1,,,1,38,,,,,,,,,,,,,,,,,,,,
COM_360,Morgan Stanely,2,,,Business Services  Business Services  Business Services  Business Services  Business Services  Business Services  Business Services  Business Services  Business Services  Business Services  Financial Services Financial Services Financial Services Financial Services Financial Services Financial Services Financial Services Financial Services Financial Services Financial Services Financial Services Financial Services Financial Services Financial Services Financial Services Financial Services Financial Services Financial Services Financial Services Financial Services,Insurance Business Services Payments Technology Services IT Services Business Services Product Group Industrial & Environmental Services Business Services Business Services Financial Institutions Banks / Lending Financial Institutions Insurance Banks / Lending Financial Institutions Insurance Insurance Insurance Insurance Asset Management Financial Technology Asset Management Insurance Asset Management Financial Institutions Banks / Lending Banks / Lending Insurance Banks / Lending,,,,,,,,,,,,,,,,,,,,
COM_361,Morgan Stanley,2,,,,,,,,,,,,,,,,,,,,,,,,
COM_362,Morgan Stanley,2,,,,,,,,,,,,,,,,,,,,,,,,
COM_363,"Morgan Stanley, Deutsche Bank",2,,,,,,,,,,,,,,,,,,,,,,,,
COM_364,"Morgan Stanley, Wells Fargo",2,,,,,,,,,,,,,,,,,,,,,,,,
COM_365,Morris Furniture,1,,,2,25,,,8.4,,,,,,,,,,,,,,,,,
COM_366,N/A,2,,,,,,,,,,,,,,,,,,,,,,,,
COM_367,NAB Holdings,3,,,,,,,,,,,,,,,,,,,,,,,,
COM_368,NTT Communications,3,,,,,,,,,,,,,,,,,,,,,,,,
COM_369,NV5 Global,1,,,1,37,,,,,530,,,,,,,,,,,,,,,
COM_370,Nasdaq,3,,,,,,,,,,,,,,,,,,,,,,,,
COM_371,National Response Corporation (NRC),1,,,1,37,,,,,350,,,,,,,,,,,,,,,
COM_372,Nautic Partners LLC,3,- Industrial Products,"- Custom Windows
- Precision Engineered Products",,,,,,USD,,,,13.0,,,,,,,www.nautic.com,"- We've had contact with them before for FS so it's going to be  warm contact
-  They do a lot of industrial products (e.g. Custom Windows)",,,,
COM_373,Nestlé USA Confectionary,1,,,2,26,,,195.0,,,,,,,,,,,,,,,,,
COM_374,New Century Health,1,,,3,33,,,21.0,,,,,,,,,,,,,,,,,
COM_375,New Mountain,3,,,,,,,,,,,,,,,,,,,,,,,,
COM_376,Newell Industrial & Commercial Brands,1,,,2,24,,,,,,,,,,,,,,,,,,,,
COM_377,Nextdoor.com,1,,,2,27,,,221.0,,,,,,,,,,,,,,,,,
COM_378,Nomura,2,,,Business Services Business Services,Business Services Professional Services,,,,,,,,,,,,,,,,,,,,
COM_379,Nomura Bank of America,2,,,,,,,,,,,,,,,,,,,,,,,,
COM_380,Nonni's,1,,,2,26,,,21.0,,,,,,,,,,,,,,,,,
COM_381,North Point,2,,,,,,,,,,,,,,,,,,,,,,,,
COM_382,North Point Advisors,2,,,,,,,,,,,,,,,,,,,,,,,,
COM_383,"North Point, Jefferies",2,,,,,,,,,,,,,,,,,,,,,,,,
COM_384,"North Point, Morgan Stanley",2,,,,,,,,,,,,,,,,,,,,,,,,
COM_385,Norwest,3,,,,,,,,,,,,,,,,,,,,,,,,
COM_386,Nutex Health,1,,,3,34,,,40.0,,,,,,,,,,,,,,,,,
COM_387,NxGen MDx,1,,,3,28,,,49.0,,,,,,,,,,,,,,,,,
COM_388,Oak Hill,3,,,,,,,,,,,,,,,,,,,,,,,,
COM_389,Oaktree,3,,,,,,,,,,,,,,,,,,,,,,,,
COM_390,Ob Hospitalist Group,1,,,3,28,,,47.0,,625.0,,,,,,,,,,,,,,,
COM_391,Odyssey Investment,3,,,,,,,,,,,,,,,,,,,,,,,,
COM_392,Old Chicago,1,,,2,27,,,22.6,,,,,,,,,,,,,,,,,
COM_393,Olympus,3,,,,,,,,,,,,,,,,,,,,,,,,
COM_394,OneSpaWorld,1,,,2,23,,,59.0,,,,,,,,,,,,,,,,,
COM_395,Onex,3,,,,,,,,,,,,,,,,,,,,,,,,
COM_396,Oppenheimer,2,,,,,,,,,,,,,,,,,,,,,,,,
COM_397,Organix,1,,,1,4,,,,,207,,,,,,,,,,,,,,,
COM_398,Ortholite,1,,,2,24,,,54.1,,,,,,,,,,,,,,,,,
COM_399,Osmose,1,,,1,4,,,,,,,,,,,,,,,,,,,,
COM_400,PDC Brands,1,,,2,24,,,92.0,,900.0,,,,,,,,,,,,,,,
COM_401,PJSC,2,,,,,,,,,,,,,,,,,,,,,,,,
COM_402,PLH,1,,,1,4,,,,,680,,,,,,,,,,,,,,,
COM_403,PLI,1,,,1,3,,,,,300,,,,,,,,,,,,,,,
COM_404,PSG,1,,,1,7,,,,,,,,,,,,,,,,,,,,
COM_405,PSI Services,1,,,1,37,,,,,500,,,,,,,,,,,,,,,
COM_406,PSSI,1,,,1,4,,,,,1600,,,,,,,,,,,,,,,
COM_407,Pacon,1,,,2,24,,,35.0,,,,,,,,,,,,,,,,,
COM_408,Palladium,3,,,,,,,,,,,,,,,,,,,,,,,,
COM_409,Palladium Equity Partners,3,"- Consumer products
- Industrial","- Sahale Snacks
- Kars Snacks",,,,,,USD,,,,2.1,,,,,,,www.palladiumequity.com,,,,,
COM_410,Pamplona,3,,,,,,,,,,,,,,,,,,,,,,,,
COM_411,Paylease,1,,,1,3,,,,,105,,,,,,,,,,,,,,,
COM_412,Paymetric,1,,,1,3,,,,,265,,,,,,,,,,,,,,,
COM_413,Peak Rock,3,,,,,,,,,,,,,,,,,,,,,,,,
COM_414,Peak Utility Services,1,,,1,4,,,,,235,,,,,,,,,,,,,,,
COM_415,Pearl,1,,,1,19,,,,,350,,,,,,,,,,,,,,,
COM_416,Pearl Companies,3,,,,,,,,,,,,,,,,,,,,,,,,
COM_417,Pegasus Capital Advisors,3,,,,,,,,,,,,,,,,,,,,,,,,
COM_418,Pennant Foods,1,,,2,27,,,14.0,,,,,,,,,,,,,,,,,
COM_419,Perkins & Marie Callender's,1,,,2,27,,,40.0,,,,,,,,,,,,,,,,,
COM_420,Permira,3,,,,,,,,,,,,,,,,,,,,,,,,
COM_421,Pet Supplies Plus,1,,,2,25,,,51.0,,400.0,,,,,,,,,,,,,,,
COM_422,Peter J Solomon,2,,,,,,,,,,,,,,,,,,,,,,,,
COM_423,Petmate,1,,,2,24,,,40.1,,,,,,,,,,,,,,,,,
COM_424,Petsky Prunier,2,,,Marketing Services Marketing Services,Marketing Services Marketing Services,,,,,,,,,,,,,,,,,,,,
COM_425,Phreesia,1,,,1,3,,,,,,,,,,,,,,,,,,,,
COM_426,Pier 1 Imports,1,,,2,25,,,147.0,,,,,,,,,,,,,,,,,
COM_427,Piper Jaffray,2,,,,,,,,,,,,,,,,,,,,,,,,
COM_428,Piper Jaffray,2,,,,,,,,,,,,,,,,,,,,,,,,
COM_429,"Piper Jaffray, North Point",2,,,,,,,,,,,,,,,,,,,,,,,,
COM_430,Planet Payment,1,,,1,3,,,,,174,,,,,,,,,,,,,,,
COM_431,Platinum,3,,,,,,,,,,,,,,,,,,,,,,,,
COM_432,Platinum Equity,3,- Industrial Products,"- SCM Metal Products
- International textile product",,,,,,USD,,,,6.5,,,,,,,www.platinumequity.com,,,,,
COM_433,Post Private Brands,1,,,2,26,,,106.9,,,,,,,,,,,,,,,,,
COM_434,Potbelly,1,,,2,27,,,38.64,,,,,,,,,,,,,,,,,
COM_435,Potpourri Group,1,,,2,24,,,36.0,,,,,,,,,,,,,,,,,
COM_436,Premier,1,,,3,36,,,56.0,,,,,,,,,,,,,,,,,
COM_437,PrimeSource,1,,,1,4,,,,,1470,,,,,,,,,,,,,,,
COM_438,Priority Payments,1,,,1,3,,,,,,,,,,,,,,,,,,,,
COM_439,Privately Held,3,,,,,,,,,,,,,,,,,,,,,,,,
COM_440,ProEx,1,,,3,29,,,1.9,,18.0,,,,,,,,,,,,,,,
COM_441,Project Cougar,1,,,1,4,,,,,240,,,,,,,,,,,,,,,
COM_442,Project Yoder,1,,,1,38,,,,,250,,,,,,,,,,,,,,,
COM_443,Prometric,1,,,1,37,,,,,1170,,,,,,,,,,,,,,,
COM_444,Public,3,,,,,,,,,,,,,,,,,,,,,,,,
COM_445,Publicly Traded,3,,,,,,,,,,,,,,,,,,,,,,,,
COM_446,Qdoba,1,,,2,27,,,67.0,,,,,,,,,,,,,,,,,
COM_447,Quala,1,,,2,23,,,32.0,,,,,,,,,,,,,,,,,
COM_448,Quality Solutions,1,,,1,8,,,,,,,,,,,,,,,,,,,,
COM_449,Qualtek,1,,,1,5,,,,,500,,,,,,,,,,,,,,,
COM_450,RBC,2,,,,,,,,,,,,,,,,,,,,,,,,
COM_451,RBC / Baird,2,,,,,,,,,,,,,,,,,,,,,,,,
COM_452,RBC Capital Markets,2,,,Business Services Business Services Business Services Business Services Business Services Business Services Business Services Business Services Business Services Business Services Financial Services Financial Services Financial Services Financial Services Financial Services Financial Services Financial Services Financial Services Financial Services Sponsor Coverage Sponsor Coverage Sponsor Coverage,Financial Services Industrial & Environmental Services Industrial & Environmental Services Industrial & Environmental Services Financial Services Industrial & Environmental Services Financial Services Industrial & Environmental Services Industrial & Environmental Services Transportation & Logistics Banks / Lending Banks / Lending Insurance Insurance Insurance Asset Management Depositories Banks / Lending Financial Technology Sponsor Coverage Sponsor Coverage Sponsor Coverage,,,,,,,,,,,,,,,,,,,,
COM_453,RECON,1,,,1,37,,,,,232,,,,,,,,,,,,,,,
COM_454,REVA,1,,,3,32,,,11.5,,,,,,,,,,,,,,,,,
COM_455,RW Baird,2,,,Business Services Business Services Business Services Business Services Business Services Business Services Business Services Business Services Business Services Business Services Business Services Business Services Business Services Business Services Business Services Business Services Business Services Financial Services Financial Services Financial Services,Business Services Business Services BPO BPO Education Services Education Services Technology Services Facilities Services Facilities Services Human Capital Services Human Capital Services Technology Services Technology Services Technology Services Technology Services Technology Services Transportation & Logistics Financial Services Financial Services Financial Services,,,,,,,,,,,,,,,,,,,,
COM_456,RWS Holdings,3,,,,,,,,,,,,,,,,,,,,,,,,
COM_457,RXBAR,1,,,2,26,,,21.8,,,,,,,,,,,,,,,,,
COM_458,Raymond James,2,,,Business Services Business Services Business Services Business Services Business Services,Business Services Business Services Business Services Business Services Business Services,,,,,,,,,,,,,,,,,,,,
COM_459,Red Hawk Fire & Security,1,,,1,8,,,,,300,,,,,,,,,,,,,,,
COM_460,Regina,1,,,2,25,,,12.0,,,,,,,,,,,,,,,,,
COM_461,Renaissance Imaging Medical Associates,1,,,3,28,,,19.5,,,,,,,,,,,,,,,,,
COM_462,Restaurant Technology,1,,,1,4,,,,,,,,,,,,,,,,,,,,
COM_463,Resurgent Holding,3,,,,,,,,,,,,,,,,,,,,,,,,
COM_464,Ridgemont,3,,,,,,,,,,,,,,,,,,,,,,,,
COM_465,Riverside,3,,,,,,,,,,,,,,,,,,,,,,,,
COM_466,Rothschild,2,,,,,,,,,,,,,,,,,,,,,,,,
COM_467,Rough Country,1,,,1,7,,,,,530,,,,,,,,,,,,,,,
COM_468,RugsUSA,1,,,2,25,,,39.0,,,,,,,,,,,,,,,,,
COM_469,RxCrossroads,1,,,3,30,,,56.0,,,,,,,,,,,,,,,,,
COM_470,Ryan Herco Flow Solutions,1,,,1,7,,,,,280,,,,,,,,,,,,,,,
COM_471,SIRVA,1,,,1,40,,,,,870,,,,,,,,,,,,,,,
COM_472,SMG,1,,,1,21,,,,,,,,,,,,,,,,,,,,
COM_473,SMS Assist,1,,,1,5,,,,,,,,,,,,,,,,,,,,
COM_474,SRS Distribution,1,,,1,7,,,,,2050,,,,,,,,,,,,,,,
COM_475,"Sagard Holdings, Fairfax Capital",3,,,,,,,,,,,,,,,,,,,,,,,,
COM_476,Sage Payment Solutions,1,,,1,3,,,,,,,,,,,,,,,,,,,,
COM_477,Sandler O’Neill,2,,,,,,,,,,,,,,,,,,,,,,,,
COM_478,Schneider Downs,2,,,,,,,,,,,,,,,,,,,,,,,,
COM_479,Schweiger Dermatology,1,,,3,29,,,12.5,,,,,,,,,,,,,,,,,
COM_480,Seastar Solutions,1,,,1,37,,,,,859,,,,,,,,,,,,,,,
COM_481,Secure 24,1,,,1,5,,,,,,,,,,,,,,,,,,,,
COM_482,Securus Technologies,1,,,1,5,,,,,1900,,,,,,,,,,,,,,,
COM_483,Shamrock,3,,,,,,,,,,,,,,,,,,,,,,,,
COM_484,Shermco,1,,,1,37,,,,,267,,,,,,,,,,,,,,,
COM_485,Shopko,1,,,2,25,,,63.7,,,,,,,,,,,,,,,,,
COM_486,Siegel Management,2,,,,,,,,,,,,,,,,,,,,,,,,
COM_487,Signal Hill,2,,,,,,,,,,,,,,,,,,,,,,,,
COM_488,Signpost,1,,,2,26,,,8.9,,68.0,,,,,,,,,,,,,,,
COM_489,Silverlake / GA,3,,,,,,,,,,,,,,,,,,,,,,,,
COM_490,Sizzling Platter,1,,,2,27,,,43.6,,330.0,,,,,,,,,,,,,,,
COM_491,Smart Carte,1,,,1,12,,,,,,,,,,,,,,,,,,,,
COM_492,SmartThings,1,,,3,32,,,52.0,,,,,,,,,,,,,,,,,
COM_493,Smile Doctors,1,,,3,29,,,38.0,,,,,,,,,,,,,,,,,
COM_494,Smucker Baking & Breakfast Brands,1,,,2,26,,,72.0,,,,,,,,,,,,,,,,,
COM_495,Snooze Eatery,1,,,2,27,,,9.5,,,,,,,,,,,,,,,,,
COM_496,Snowden Lane,1,,,1,13,,,,,,,,,,,,,,,,,,,,
COM_497,Softbank,3,,,,,,,,,,,,,,,,,,,,,,,,
COM_498,Spice World,1,,,2,26,,,45.0,,,,,,,,,,,,,,,,,
COM_499,Spinrite,1,,,2,24,,,32.0,,,,,,,,,,,,,,,,,
COM_500,SquareTwo Financial,1,,,1,13,,,,,,,,,,,,,,,,,,,,
COM_501,Statewide,1,,,2,23,,,3.0,,,,,,,,,,,,,,,,,
COM_502,Steadman Clinic,1,,,3,28,,45.0,4.5,,45.0,,,,,,,,,,,,,,,
COM_503,Stephens,2,,,,,,,,,,,,,,,,,,,,,,,,
COM_504,Stephenson’s,1,,,1,19,,,,,CAD $300,,,,,,,,,,,,,,,
COM_505,Steven-Robert Originals,1,,,2,26,,,23.0,,200.0,,,,,,,,,,,,,,,
COM_506,Stifel,2,,,1,38,,,,,,,,,,,,,,,,,,,,
COM_507,Strategic Materials,1,,,1,4,,,,,610,,,,,,,,,,,,,,,
COM_508,Summit,3,,,,,,,,,,,,,,,,,,,,,,,,
COM_509,Summit BHC,1,,,3,29,,,13.0,,,,,,,,,,,,,,,,,
COM_510,Sun Capital Partners,3,"- Consumer Brands
- Industrials","- Trulite
- Arrow Tru-Line",,,,,,USD,,,,9.0,,,,,,,www.suncappart.com,"- DR knows Marc Leder ( I think)
- They are big in consumer and industrial (building products)",,,,
COM_511,SunGard Insurance,1,,,1,14,,,,,680,,,,,,,,,,,,,,,
COM_512,SunTrust,2,,,,,,,,,,,,,,,,,,,,,,,,
COM_513,SunTrust,2,,,,,,,,,,,,,,,,,,,,,,,,
COM_514,Suntrust,2,,,,,,,,,,,,,,,,,,,,,,,,
COM_515,Sweet Harvest Foods,1,,,2,26,,,24.0,,,,,,,,,,,,,,,,,
COM_516,Sweet Sam's,1,,,2,26,,,2.0,,,,,,,,,,,,,,,,,
COM_517,Synergy Health Partners,1,,,3,28,,,31.6,,,,,,,,,,,,,,,,,
COM_518,Sōsh,1,,,2,25,,,82.8,,612.5,,,,,,,,,,,,,,,
COM_519,TA,3,,,,,,,,,,,,,,,,,,,,,,,,
COM_520,TA Associates,3,,,,,,,,,,,,,,,,,,,,,,,,
COM_521,TM Capital,2,,,,,,,,,,,,,,,,,,,,,,,,
COM_522,TMS,1,,,1,3,,,,,,,,,,,,,,,,,,,,
COM_523,TPG,3,,,,,,,,,,,,,,,,,,,,,,,,
COM_524,TSG Cosumer Partners,3,- Consumer Brands,"- Smashbox
- Beauty Bands
- Elf
- Cutex",,,,,,USD,,,,5.0,,,,,,,www.tsgconsumer.com,"- they are purely consumer focussed
- Seems that most of their strategy is organic growth (from case studies they have)",,,,
COM_525,Take-private,2,,,,,,,,,,,,,,,,,,,,,,,,
COM_526,Teasdale Latin Foods,1,,,2,26,,,50.0,,,,,,,,,,,,,,,,,
COM_527,Teva Women's Health,1,,,3,30,,543.8,246.8,,1600.0,,,,,,,,,,,,,,,
COM_528,Thalmic,1,,,2,27,,,145.0,,,,,,,,,,,,,,,,,
COM_529,The Riverside Company,3,"- Consumer Brands
- Specialty Mfg and Distribution","- Lille Baby
- Blue Electronics",,,,,,USD,,,,6.0,,,,,,,www.riversidecompany.com,"- Have a full section of ""seeking addons for .. "" currently looking for Sunrise Windows (replacement windows companies",,,,
COM_530,The Saatva Company,1,,,2,24,,,10.1,,500.0,,,,,,,,,,,,,,,
COM_531,Thermo Fisher Assets,1,,,3,31,,,82.0,,,,,,,,,,,,,,,,,
COM_532,ThermoFisher,3,,,,,,,,,,,,,,,,,,,,,,,,
COM_533,ThermoFisher Assets,1,,,1,4,,,,,870,,,,,,,,,,,,,,,
COM_534,Thoma Bravo,3,,,,,,,,,,,,,,,,,,,,,,,,
COM_535,Thomas H. Lee Partners,3,- Consumer & Retail,"- Give & Go Bakery
- CTI Foods",,,,,,USD,,,,10.0,,,,,,,www.thl.com,"- Big in consumer and retail industry
- Have done some addon acquisitions previously",,,,
COM_536,ThoughtWorks,1,,,1,5,,,,,531,,,,,,,,,,,,,,,
COM_537,ThreeSixty Group,1,,,2,24,,,65.0,,,,,,,,,,,,,,,,,
COM_538,Tillys,1,,,2,25,,,50.8,,,,,,,,,,,,,,,,,
COM_539,Togetherworks,1,,,1,3,,,,,150,,,,,,,,,,,,,,,
COM_540,Traeger,1,,,2,24,,,59.5,,800.0,,,,,,,,,,,,,,,
COM_541,TransPerfect,1,,,1,5,,,,,,,,,,,,,,,,,,,,
COM_542,Treliant Risk Advisors,1,,,1,38,,,,,420,,,,,,,,,,,,,,,
COM_543,TriMark,1,,,2,27,,,109.0,,1350.0,,,,,,,,,,,,,,,
COM_544,TricorBraun,1,,,2,34,,,120.0,,,,,,,,,,,,,,,,,
COM_545,Trilantic,3,,,,,,,,,,,,,,,,,,,,,,,,
COM_546,Trivest,3,,,,,,,,,,,,,,,,,,,,,,,,
COM_547,Truck Hero,1,,,1,7,,,,,1470,,,,,,,,,,,,,,,
COM_548,Trust Company of America,1,,,1,13,,,,,,,,,,,,,,,,,,,,
COM_549,TrustCommerce,1,,,1,3,,,,,66,,,,,,,,,,,,,,,
COM_550,Tunnel Hill,1,,,1,4,,,,,,,,,,,,,,,,,,,,
COM_551,Tyree & D'Angelo Partners,3,,,,,,,,,,,,,,,,,,,,,,,,
COM_552,Tyson Kettle,1,,,2,26,,,21.7,,130.0,,,,,,,,,,,,,,,
COM_553,UBS,2,,,Business Services Business Services Business Services Business Services Business Services Business Services Business Services Financial Services Financial Services Financial Services Financial Services Financial Services,Business Services Specialty Distribution Industrial & Environmental Services Industrial & Environmental Services Industrial & Environmental Services Industrial & Environmental Services Industrial & Environmental Services Banks / Lending Banks / Lending Financial Technology Asset Management Asset Management,,,,,,,,,,,,,,,,,,,,
COM_554,UBS,2,,,,,,,,,,,,,,,,,,,,,,,,
COM_555,"UBS, Allen & Co.",2,,,,,,,,,,,,,,,,,,,,,,,,
COM_556,US Beef,1,,,2,27,,,40.0,,240.0,,,,,,,,,,,,,,,
COM_557,US Fitness,1,,,2,34,,,32.0,,,,,,,,,,,,,,,,,
COM_558,US Retirement & Benefits Partners,1,,,1,5,,,,,327,,,,,,,,,,,,,,,
COM_559,US Security Associates,1,,,1,8,,,,,,,,,,,,,,,,,,,,
COM_560,USIC,1,,,1,4,,,,,,,,,,,,,,,,,,,,
COM_561,Uncle Julio's,1,,,2,27,,,26.6,,,,,,,,,,,,,,,,,
COM_562,Unidine,1,,,2,23,,,24.0,,,,,,,,,,,,,,,,,
COM_563,United Capital,1,,,1,13,,,,,300,,,,,,,,,,,,,,,
COM_564,United Natural Foods,1,,,2,23,,,331.0,,,,,,,,,,,,,,,,,
COM_565,United Pacific Pet,1,,,2,23,,,4.0,,,,,,,,,,,,,,,,,
COM_566,United Site Services,1,,,1,8,,,,,,,,,,,,,,,,,,,,
COM_567,Urgent Care Group,1,,,3,29,,,,,,,,,,,,,,,,,,,,
COM_568,Vaco,1,,,1,11,,,,,,,,,,,,,,,,,,,,
COM_569,Valor Equity Partners,3,,,,,,,,,,,,,,,,,,,,,,,,
COM_570,Vantiv / Worldpay,3,,,,,,,,,,,,,,,,,,,,,,,,
COM_571,Variety Wholesalers,1,,,2,25,,,75.0,,,,,,,,,,,,,,,,,
COM_572,Venturehouse,3,,,,,,,,,,,,,,,,,,,,,,,,
COM_573,Vision Direct,1,,,3,29,,,,,,,,,,,,,,,,,,,,
COM_574,Vista Equity,3,,,,,,,,,,,,,,,,,,,,,,,,
COM_575,Vitamin Shoppe,1,,,2,25,,,75.75,,,,,,,,,,,,,,,,,
COM_576,WIS International,1,,,1,5,,,,,300,,,,,,,,,,,,,,,
COM_577,Warburg,3,,,,,,,,,,,,,,,,,,,,,,,,
COM_578,Warburg Pincus,3,,,,,,,,,,,,,,,,,,,,,,,,
COM_579,Water Street,3,,,,,,,,,,,,,,,,,,,,,,,,
COM_580,Waud Capital,3,,,,,,,,,,,,,,,,,,,,,,,,
COM_581,Wells Fargo,2,,,Business Services Business Services Business Services Financial Services Financial Services Financial Services Financial Services Financial Services Financial Services Financial Services Financial Services Financial Services Financial Services Financial Services Financial Services Financial Services Marketing Services Sponsor Coverage,Financial Technology Data & Information Services Human Capital Services Financial Technology Banks / Lending Insurance Insurance Insurance Banks / Lending Banks / Lending Banks / Lending Banks / Lending Asset Management Product Group Product Group Product Group Marketing Services Sponsor Coverage,,,,,,,,,,,,,,,,,,,,
COM_582,Wells Fargo,2,,,,,,,,,,,,,,,,,,,,,,,,
COM_583,Western Reserve Partners,2,,,,,,,,,,,,,,,,,,,,,,,,
COM_584,Western Reserve Partners,2,,,,,,,,,,,,,,,,,,,,,,,,
COM_585,Wheel Pros,1,,,2,24,,,53.3,,,,,,,,,,,,,,,,,
COM_586,William Blair,2,,,Business Services Business Services Business Services Business Services Business Services Business Services Business Services Business Services Business Services Technology,Product Group Business Services Business Services Payments Payments Payments Industrial & Environmental Services Technology Services Technology Services Technology Services,,,,,,,,,,,,,,,,,,,,
COM_587,William Blair,2,,,,,,,,,,,,,,,,,,,,,,,,
COM_588,Wind River Environmental,1,,,1,4,,,,,,,,,,,,,,,,,,,,
COM_589,Wipro,3,,,,,,,,,,,,,,,,,,,,,,,,
COM_590,Wipro Assets,1,,,1,5,,,,,540,,,,,,,,,,,,,,,
COM_591,Wolf Furniture,1,,,2,25,,,2.9,,,,,,,,,,,,,,,,,
COM_592,Woodbridge International,2,,,,,,,,,,,,,,,,,,,,,,,,
COM_593,World Business Lenders,1,,,1,19,,,,,,,,,,,,,,,,,,,,
COM_594,Young Innovations,1,,,3,31,,,60.0,,,,,,,,,,,,,,,,,
COM_595,Yukon Capital,3,,,,,,,,,,,,,,,,,,,,,,,,
COM_596,Zafin,1,,,1,14,,,,,,,,,,,,,,,,,,,,
COM_597,Zodiac,1,,,2,34,,,87.4,,,,,,,,,,,,,,,,,
COM_598,Zoë's Kitchen,1,,,2,27,,,30.8,,346.5,,,,,,,,,,,,,,,
COM_599,iCracked Inc.,1,,,2,27,,,50.0,,,,,,,,,,,,,,,,,
COM_600,iHerb,1,,,2,26,,,,,,,,,,,,,,,,,,,,
COM_601,littleBits,1,,,2,26,,,66.3,,,,,,,,,,,,,,,,,
COM_602,umentioned,1,,,2,23,,,11.8,,160.0,,,,,,,,,,,,,,,
